package,count
androidx.appcompat.app,956
android.view,9141
android.Manifest,127
android.content,7484
android.net,1042
android.os,4600
com.google.android,1268
androidx.core.view,986
androidx.recyclerview,2044
android.text,1488
android.util,1781
android.widget,3167
androidx.activity,301
com.tbruyelle,12
com.tencent,32
kotlinx.coroutines,11170
libv2ray,4
me.drakeet,3
rx.Observable,169
rx.android,65
java.util,7943
java.io,5975
android.app,2061
com.google.zxing,71
androidx.fragment,1363
androidx.viewpager2,86
me.dm7,1
android.graphics,3026
com.google.gson,685
androidx.preference,447
androidx.core.content,719
android.animation,348
rx.schedulers,26
java.text,372
java.net,1612
com.blacksquircle,1
java.lang,1154
kotlin.collections,286
android.webkit,173
kotlin.coroutines,1321
android.annotation,669
android.service,19
androidx.annotation,2267
androidx.core.app,213
go,1
rx.Subscription,19
kotlin.math,2242
android.appwidget,63
org.json,253
androidx.lifecycle,3315
androidx.multidex,20
org.junit.Assert,2958
org.junit.Test,4770
org.gradle.accessors,2
org.gradle.api,4403
org.gradle.kotlin,399
org.jetbrains.dokka,46
org.jetbrains.kotlin,5505
com.google.auto,39
android.telephony,40
kotlin.system,154
android.preference,35
com.faendir,9
kotlin.concurrent,165
android.provider,185
kotlin.Boolean,23
kotlin.Exception,3
kotlin.IllegalArgumentException,4
kotlin.String,123
kotlin.Throws,5
android.hardware,119
android.media,140
android.database,153
java.security,462
javax.net,300
com.gh0u1l5,14
de,59
android.support.v7,68
android.support.test,53
org.junit.runner,1409
javax.inject,2977
kotlin.random,329
com.thedeanda,2
java.time,2059
org.objenesis,11
kotlin.reflect,1927
kotlin.test,7048
io.mockk,3971
org.junit.After,389
org.junit.runners,215
org.junit.jupiter,5406
com.github.benmanes,56
io.gitlab,151
kotlinx.kover,4
kotlin.js,287
org.junit.Before,1649
kotlin.time,497
kotlin.native,201
platform,745
kotlinx.cinterop,258
co.touchlab,66
org.junit.rules,224
org.junit.Rule,968
org.mockito,1097
org.junit.FixMethodOrder,8
junit,395
kotlin.properties,189
androidx.savedstate,23
androidx.navigation,1025
androidx.work,554
org.junit.experimental,87
kotlinx.android.synthetic,867
org.jetbrains.anko,57
androidx.arch,186
com.github.jengelman,54
io.ktor.client,275
org.apache.commons,414
space,16
androidx.compose.runtime,3895
kotlinx.browser,689
org.w3c.css,6
org.w3c.dom,1326
kotlinx.dom,96
androidx.compose.ui,7075
androidx.compose.foundation,5125
androidx.compose.material,2709
org.gradle.nativeplatform,31
io.ktor.http,174
io.ktor.routing,62
io.ktor.server,151
org.openqa,153
androidx.compose.desktop,54
org.jetbrains.intellij,18
com.intellij.ide,612
com.intellij.openapi,7606
java.awt,1385
javax.swing,1152
com.apollographql,94
okhttp3,1357
org.jetbrains.annotations,326
org.ocpsoft,4
java.nio.file,1663
com.arkivanov,150
com.badoo.reaktive.completable,50
com.badoo.reaktive.maybe,18
com.badoo.reaktive.scheduler,24
com.badoo.reaktive.base,23
com.badoo.reaktive.observable,164
com.badoo.reaktive.test,15
com.badoo.reaktive.subject,19
com.badoo.reaktive.promise,2
com.badoo.reaktive.single,36
com.squareup.sqldelight,159
example,10
com.badoo.reaktive.coroutinesinterop,4
java.nio.channels,70
java.nio.charset,306
kotlin.text,52
androidx.compose.animation,403
android.renderscript,13
javax.imageio,126
org.jetbrains.skia,138
kotlinx.css,2
kotlinx.html,694
react,87
styled,4
org.jetbrains.skiko,44
com.intellij.codeInsight,1225
com.intellij.psi,5436
org.jetbrains.uast,101
com.intellij.ui,502
org.intellij,425
org.openjdk,107
kotlinx.benchmark,3
com.intellij.execution,1038
org.jetbrains.plugins,57
com.intellij.icons,70
com.intellij.util,1038
com.intellij.testFramework,247
com.intellij.codeInspection,514
com.intellij.configurationStore,7
org.jdom,58
org.cef,12
org.jetbrains.skija,22
java.nio.ByteBuffer,91
uk,17
org.lwjgl,56
com.fasterxml.jackson,2050
javax.xml,173
okio,1164
org.apache.tika,18
org.jsoup,118
org.gradle.plugins,36
org.gradle.process,54
org.gradle.work,39
kotlin.io,243
org.gradle.jvm,32
org.gradle.util,93
kotlinx.serialization,2916
groovy,165
org.gradle.testkit,280
org.gradle.internal,116
com.gradle,10
B,18
JavaClass,8
GradlePropertyIssue,4
My,10
Host,28
C,42
E,2
Class,16
Base,4
O,6
Color,2
JavaInterface,8
Outer,6
Kind,4
unr,4
Klass,4
Private,2
Obj,4
Bar,2
unexported,2
LibPackCase1,72
LibPackCase2,36
TaskUtils,2
withPosix,338
withPosixOther,54
unixHelper,14
windowsHelper,2
org.w3c.xhr,32
org.w3c.fetch,27
org.gradle.language,40
org.codehaus,33
org.gradle.workers,95
org.gradle.tooling,26
org.tools4j,3
sun,11
com.ullink,26
io.ktor.content,4
shadow,13
org.junit.Ignore,202
llvm,39
android.support.annotation,37
android.support.design,20
kotlin.DeprecationLevel,35
android.R,31
android.support.v4,45
android.support.constraint,10
android.accounts,141
android.location,79
android.nfc,33
android.bluetooth,12
android.print,14
android.telecom,10
android.companion,4
android.support.percent,4
org.objectweb,292
com.github.javaparser,12
org.jtwig,14
java.math,697
com.samskivert,4
org.xml,21
org.robolectric,327
com.intellij.injected,20
com.intellij.lang,873
com.intellij.navigation,84
org.jetbrains.android,10
java.beans,6
com.android.tools,134
org.jetbrains.org,4
com.intellij.facet,29
mu,287
org.yaml,35
org.assertj.core,1948
com.ionspin,2
kotlinx.datetime,153
org.jetbrains.exposed,791
net.dv8tion.jda.api,468
org.postgresql,9
club,17
pw,3
javax.crypto,110
java.sql,229
com.github.kevinsawicki,31
com.github.salomonbrys,389
com.jasonclawson,1
com.google.common,639
kotlin.streams,57
com.zaxxer,17
com.mitchellbosecke,20
javax.script,24
org.slf4j,417
com.rabbitmq,6
ch,32
io.prometheus,51
jdk,10
net.perfectdreams,34
com.typesafe,65
com.vladsch,57
io.ktor.application,184
io.ktor.request,54
io.ktor.response,44
io.ktor.sessions,7
io.ktor.util,54
twitter4j,3
io.ktor.features,29
net.dv8tion.jda.internal,5
javax.annotation,61
com.neovisionaries,1
org.khronos,85
kotlin.jvm,514
kotlin.dom,9
org.w3c.files,44
org.joda,151
dagger.Binds,116
dagger.Module,372
dagger.Provides,287
io.ktor.config,9
dagger.BindsInstance,15
dagger.Component,68
dagger.Lazy,57
dagger.Subcomponent,24
io.ktor.auth,17
com.auth0,32
io.ktor.serialization,10
io.kotest.assertions,120
io.kotest.core,327
io.kotest.matchers,1081
org.testcontainers,74
dagger.hilt,1070
retrofit2.Retrofit,135
retrofit2.converter,82
dagger.assisted,57
dev,73
androidx.hilt,55
androidx.security,8
androidx.datastore,122
androidx.core.widget,107
androidx.viewbinding,78
com.google.accompanist,106
com.airbnb.lottie,57
retrofit2.Response,124
retrofit2.http,512
androidx.test.platform,272
androidx.test.ext,328
androidx.test.runner,49
com.squareup.moshi,459
androidx.room,1132
com.intellij.AbstractBundle,4
com.cflint,8
com.intellij.coldFusion,1
org.jetbrains.changelog,3
com.intellij.notification,96
org.apache.http,105
com.intellij.vcsUtil,1
git4idea,133
com.palominolabs,7
androidx.appcompat.widget,323
androidx.appcompat.content,131
androidx.appcompat.view,70
androidx.test.filters,159
androidx.test.rule,76
co.appreactor,49
org.koin.core,227
org.koin.androidx,41
org.koin.android,190
com.squareup.picasso,60
androidx.core.text,122
org.koin.dsl,126
org.koin.ksp,1
androidx.core.os,144
androidx.appcompat.graphics,3
androidx.drawerlayout,26
androidx.browser,31
kotlinx.parcelize,167
androidx.core.net,127
com.android.build,294
androidx.vectordrawable,22
kotlin.experimental,32
androidx.core.graphics,240
androidx.core.util,30
androidx.test.core,207
com.caverock,8
org.xmlpull,43
androidx.exifinterface,5
androidx.collection,31
kotlin.LazyThreadSafetyMode,21
org.junit.Assume,72
com.vanniktech,46
kotlinx.validation,3
org.jlleitschuh,2
com.github.ajalt,638
org.kohsuke,23
com.beust,56
com.vdurmont,34
org.reflections,30
io.github.davidburstrom,4
com.pinterest.ktlint.ruleset,104
com.pinterest.ktlint.core,96
org.ec4j,29
org.spekframework,9
io.github.detekt,58
org.gradle.testfixtures,19
org.sonar.api,111
com.sonar,3
org.junit.ClassRule,4
org.sonarqube,7
org.junit.BeforeClass,26
com.felipebz,310
org.hamcrest,1396
com.formdev,1
com.hierynomus,4
org.sonar.check,8
fredboat,82
org.springframework.beans,323
org.springframework.stereotype,317
org.springframework.web,864
org.springframework.http,372
reactor,294
com.sedmelluq.discord,106
org.springframework.boot,726
org.springframework.context,456
com.fredboat,228
it,47
org.springframework.amqp,80
lavalink,26
org.springframework.retry,2
com.sedmelluq.lava,16
com.palantir,14
org.java_websocket,10
org.eclipse.lsp4j,112
kotlin.sequences,10
kotlin.script,78
com.facebook.ktfmt,2
org.jetbrains.java,2
org.junit.AfterClass,16
org,184
androidx.test.espresso,1504
androidx.test.InstrumentationRegistry,13
org.threeten,371
com.google.maps,33
androidx.constraintlayout,224
androidx.databinding,154
timber,469
com.bumptech.glide.Glide,119
com.bumptech.glide.request,110
androidx.transition,47
com.bumptech.glide.load,88
android.transition,22
androidx.slidingpanelayout,5
androidx.core.animation,23
androidx.viewpager,67
com.firebase,39
com.google.ar,2
androidx.startup,24
com.jakewharton.threetenabp,10
com.google.firebase,436
androidx.coordinatorlayout,78
androidx.customview,12
androidx.swiperefreshlayout,23
com.nhaarman.mockito_kotlin,114
androidx.sqlite,66
androidx.benchmark,40
androidx.test.uiautomator,395
com.github.f4b6a3,26
javax.validation,115
org.springframework.transaction,106
net.greypanther,7
org.springframework.data,263
org.springframework.security,203
io.swagger.v3,294
javax.servlet,199
com.jakewharton.byteunits,8
org.hibernate,30
org.springframework.core,159
org.springframework.format,6
org.springframework.validation,11
org.springframework.session,24
org.springdoc,4
org.springframework.ui,7
org.springframework.jms,26
org.springframework.scheduling,15
javax.jms,16
io.micrometer,141
org.apache.activemq,14
org.jooq,226
com.luciad,2
net.coobird,6
org.apache.lucene,90
com.github.gotson,4
com.ibm,68
org.springframework.jdbc,29
org.sqlite,8
javax.sql,30
org.apache.pdfbox,10
com.github.junrar,5
com.ninjasquad,27
org.springframework.test,347
com.tngtech,49
org.springframework.mock,13
org.flywaydb,17
org.apache.tools,23
org.gradle.crypto,3
assertk,191
krangl,2
org.javamoney,5
cleargl,1
com.github.kittinunf,175
coil.ImageLoader,25
coil.compose,36
coil.decode,25
coil.size,18
com.twitter,23
io.noties,21
org.commonmark,19
com.journeyapps,10
kotlinx.android.extensions,5
androidx.cardview,29
io.horizontalsystems.marketkit,277
io.reactivex.Observable,229
io.reactivex.disposables,252
io.reactivex.schedulers,99
io.reactivex.subjects,183
io.reactivex.BackpressureStrategy,27
io.reactivex.Flowable,50
com.walletconnect,12
io.horizontalsystems.ethereumkit,152
io.reactivex.plugins,13
com.trustwallet,31
cash,38
io.horizontalsystems.bitcoincore,28
io.reactivex.Single,131
io.horizontalsystems.dashkit,3
io.horizontalsystems.erc20kit,10
io.horizontalsystems.binancechainkit,9
io.horizontalsystems.bitcoinkit,2
io.horizontalsystems.litecoinkit,2
io.horizontalsystems.hodler,11
io.horizontalsystems.bitcoincash,3
io.horizontalsystems.oneinchkit,16
io.horizontalsystems.uniswapkit,17
io.horizontalsystems.tor,3
io.reactivex.android,94
io.horizontalsystems.hdwalletkit,4
retrofit2.adapter,32
androidx.biometric,70
io.horizontalsystems.feeratekit,2
coil.load,40
coil.annotation,11
com.unstoppabledomains,1
androidx.core.splashscreen,5
io.reactivex.functions,34
pub,2
io.reactivex.Scheduler,10
io.reactivex.internal,5
android.security,14
com.opencsv,6
com.nhaarman.mockitokotlin2,2604
io.ktor.jackson,3
com.github.appintro,10
com.android.colorpicker,2
com.android.datetimepicker,8
kotlin.browser,33
org.kodein,181
com.facebook.stetho,26
coil.transform,14
org.amshove,351
com.intellij.codeHighlighting,21
com.jetbrains.rider,42
com.jetbrains.python,4
com.goide,2
com.jetbrains.cidr,62
com.intellij.sh,2
com.jetbrains.php,4
com.intellij.sql,6
com.jetbrains.lang,6
com.intellij.application,61
org.jdesktop,5
POGOProtos,34
com.corundumstudio,3
ink,51
io.netty.util,36
com.squareup.okhttp,3
type,37
kotlinx.android.parcel,44
rx.subjects,141
com.aghajari,2
com.trello,8
rx.subscriptions,9
com.jakewharton.rxbinding,18
com.stripe,42
com.facebook.AccessToken,1
com.facebook.share,5
rx.Subscriber,2
com.appboy,3
com.braze,9
rx.functions,4
com.perimeterx,3
rx.Scheduler,2
com.segment,7
com.optimizely,2
fragment,5
rx.Notification,9
rx.observers,60
net.danlew,1
com.jakewharton.processphoenix,2
com.karumi,22
org.mockserver,46
io.reactivex.Completable,63
android.arch,36
com.dicedmelon,2
com.jfrog,8
org.jmailen,7
posidon,133
androidx.palette,28
io.posidon,20
com.pixplicity,2
com.intellij.packageDependencies,4
com.thoughtworks,15
com.intellij.cloudConfig,1
com.intellij.DynamicBundle,7
com.mikepenz.fastadapter,48
com.mikepenz.aboutlibraries,10
com.mikepenz.materialdrawer,72
ru,15
com.mikepenz.crossfader,14
com.mikepenz.crossfadedrawerlayout,4
com.mikepenz.iconics,140
coil.clear,2
mozilla.components.support,1386
mozilla.components.concept,1033
mozilla.components.browser,1740
mozilla.components.lib,411
mozilla.components.feature,948
mozilla.components.service,449
mozilla.telemetry,111
mozilla.components.ui,42
mozilla.appservices,99
org.mozilla,100
android.accessibilityservice,6
mozilla.components.compose,22
android.speech,20
androidx.interpolator,23
androidx.paging,543
com.adjust,9
leakcanary,10
tools,11
com.android.resources,12
com.android.SdkConstants,42
com.eden,83
strikt,202
clog,54
com.google.inject,78
com.copperleaf,39
org.asciidoctor,15
net.sourceforge,3
io.github.classgraph,14
org.atteo,1
org.python,1
com.openhtmltopdf,5
io.bit3,4
com.univocity,4
com.moandjiezana,4
org.opentest4j,10
kotlin.Comparator,3
com.hiya,1
org.gradle.testing,12
androidx.test.internal,5
com.anyascii,1
com.intellij.diff,1
com.intellij.mock,9
org.eclipse.jgit,186
com.google.protobuf,51
io.sentry,30
org.jetbrains.spek,601
com.ericsson,391
gnu,18
com.intellij.lexer,58
com.intellij.terminal,4
com.intellij.compiler,7
com.intellij.packaging,1
com.intellij.projectImport,6
com.intellij.platform,13
com.intellij.conversion,8
org.jetbrains.jps,11
com.intellij.usageView,71
com.intellij.refactoring,224
com.intellij.extapi,67
com.intellij.serviceContainer,18
com.intellij.reference,2
com.intellij.xdebugger,156
com.intellij.analysis,3
com.intellij.diagnostic,11
com.intellij.find,30
com.intellij.patterns,161
com.intellij.CommonBundle,3
com.intellij.spellchecker,37
com.intellij.usages,39
org.junit.ComparisonFailure,11
com.intellij.javascript,19
com.intellij.framework,18
com.intellij.history,2
com.intellij.webcore,3
TemplateLintUtil,1
com.dmarcotte,12
com.intellij.json,94
org.jetbrains.yaml,10
com.intellij.testIntegration,1
com.intellij.xml,9
android.opengl,62
java.nio.IntBuffer,4
javax.microedition,26
java.nio.ByteOrder,20
java.nio.FloatBuffer,8
cnames,1
javafx.event,23
javafx.scene.canvas,17
javafx.scene.input,22
javafx.geometry,16
javafx.scene.text,31
javafx.scene.shape,28
javafx.scene.layout,23
javafx.scene.image,13
javafx.scene.paint,23
javafx.application,41
javafx.embed,6
javafx.scene.Group,12
javafx.scene.Scene,9
javafx.stage,31
org.testfx,2
javafx.scene.transform,4
javafx.animation,5
javafx.util,3
Stats,1
com.google.api,219
com.android.builder,2
com.android.ddmlib,36
com.google.auth,15
com.supercilex,1
io.github.gradlenexus,2
org.apache.logging,117
com.gatehill,7
redis,1
com.jayway,74
retrofit2.Call,65
com.sun,70
retrofit2.Callback,22
io.vertx,42
javax.websocket,9
org.glassfish,1
io.github.rosariopfernandes,4
com.canhub,4
androidx.dynamicanimation,7
com.onesignal,1
app,53
retrofit2.HttpException,56
com.zlagi,2
com.upokecenter,9
COSE,2
org.bouncycastle,14
com.github.fge,13
com.robinhood,3
javafx.scene.SnapshotParameters,2
javafx.scene.Node,9
Python,4
org.apache.batik,36
javafx.scene.Cursor,1
javafx.scene.Parent,6
javafx.collections,1
javafx.beans,8
kotlin.Double,25
retrofit2.create,2
com.chuckerteam,32
org.brotli,2
io.reactivex.rxjava3,2109
retrofit2.CallAdapter,16
retrofit2.Converter,19
com.bumptech.glide.annotation,8
com.bumptech.glide.module,8
autodispose2,19
com.jakewharton.rxbinding4,11
org.koin.java,7
com.apurebase,12
at,35
org.koin.ktor,1
Library,75
kotlin.Result,19
javax.lang,67
com.squareup.javapoet,150
javax.tools,3
kotlin.annotation,85
Version,37
Plugin,7
com.github.tomakehurst,122
io.ktor.network,2
io.netty.channel,132
io.netty.handler,120
kotlin.Any,14
kotlin.Suppress,2
com.squareup.kotlinpoet,465
graphql.Scalars,38
graphql.language,269
graphql.Directives,5
graphql.parser,13
graphql.schema,909
graphql.introspection,56
kotlin.Deprecated,5
kotlin.Int,65
kotlin.Unit,16
com.tschuchort,11
org.jetbrains.kotlinx,37
org.apache.maven,53
com.expediagroup,52
com.github.mustachejava,7
graphql.GraphQL,87
graphql.execution,322
graphql.ExecutionInput,47
graphql.ExecutionResult,46
graphql.GraphQLError,14
graphql.GraphqlErrorException,4
org.dataloader,125
graphql.ErrorType,6
org.springframework.aop,11
org.reactivestreams,112
graphql.ExecutionResultImpl,13
graphql.GraphQLException,10
graphql.ExceptionWhileDataFetching,10
graphql.ErrorClassification,2
graphql.TypeResolutionEnvironment,8
graphql.GraphQLContext,19
graphql.TrivialDataFetcher,3
graphql.GraphqlErrorBuilder,5
graphql.analysis,8
net.dongliu,2
com.linkedin,33
com.mixpanel,2
org.rauschig,3
org.junit.contrib,54
com.google.testing,180
com.dd,22
org.fusesource,8
com.google.cloud,22
picocli,158
com.jcabi,10
junitparams,2
cucumber,1
io.cucumber,1
io.flutter,1
cocoapods,21
androidx.compose.material3,254
io.iamjosephmj,3
com.guru,5
com.skydoves,71
androidx.wear,4
j2html,3
net.swiftzer,27
com.avast,4
kotlin.internal,17
javax.money,18
com.opentable,3
org.h2,2
org.junit.AssumptionViolatedException,2
com.jetbrains.plugin,36
org.jdom2,21
org.jetbrains.gradle,10
com.intellij.codeWithMe,4
java.nio.CharBuffer,7
org.acejump,2
com.intellij.internal,70
org.antlr,35
com.intellij.remoterobot,126
org.assertj.swing,4
com.automation,4
com.intellij.idea,5
org.jetbrains.jetCheck,28
com.ensarsarajcic,8
jetbrains.buildServer,273
jetbrains.datalore.base,40
jetbrains.datalore.plot,109
jetbrains.datalore.vis,12
org.geotools,10
org.opengis,3
org.locationtech,3
org.jire,48
com.badlogic.gdx,980
io.ktor.html,2
org.jetbrains.ktor,4
net.rubygrapefruit,4
java,93
org.gradle.BuildListener,6
org.gradle.BuildResult,7
javafx,13
javafx.scene.control,5
org.jf,1
io,27
kotlinx.atomicfu,170
io.reactivex.exceptions,11
io.reactivex.ObservableSource,1
io.reactivex.Observer,5
kotlin.onSuccess,2
kotlin.contracts,503
org.testng,103
akka,2
scala,4
me.champeau,3
kotlin.synchronized,1
kotlinx.knit,8
org.junit.platform,151
net.bytebuddy,87
io.kotlintest,126
kotlin.Char,2
com.rometools,7
io.ktor.locations,10
io.ktor.websocket,6
io.ktor.metrics,1
io.github.config4k,3
com.github.midros,51
com.jakewharton.rxbinding2,37
com.pawegio,85
kotterknife,26
com.github.clans,13
com.romancha,2
cn,28
com.daimajia,4
com.jaredrummler,3
com.chrisplus,1
io.reactivex.MaybeEmitter,1
io.reactivex.Maybe,43
com.bumptech.glide.GenericTransitionOptions,1
com.xenomachina,7
com.github.automatedowl,1
io.qameta,60
org.influxdb,28
com.influxdb,19
com.bugsnag,7
org.xmlunit,5
io.github.kakaocup,2
com.android.emulator,2
com.malinskiy.adam.junit4,7
com.malinskiy.adam.request,58
net.schmizz,24
com.github.fracpete,2
org.skyscreamer,2
com.malinskiy.adam.android,1
com.malinskiy.adam.AndroidDebugBridgeClient,13
com.malinskiy.adam.exception,5
com.malinskiy.adam.AndroidDebugBridgeClientFactory,1
com.malinskiy.adam.interactor,1
com.malinskiy.adam.transport,1
org.imgscalr,1
com.shazam,1
com.android.sdklib,5
com.malinskiy.adam.server,38
com.brsanthu,1
org.springframework.util,42
com.netflix,16
graphql.scalars,6
graphql.util,10
net.datafaker,2
graphql.InvalidSyntaxError,4
graphql.validation,10
org.springframework.cache,14
graphql.Assert,2
org.koin.standalone,4
io.ktor.freemarker,4
freemarker,26
com.android.Version,2
com.android.ide,1
org.funktionale,1
coil.util,5
com.f2prateek,12
androidx.core.math,2
retrofit2.Invocation,3
coil.ImageLoaderFactory,3
androidx.core.provider,6
androidx.emoji,16
com.bumptech.glide.RequestManager,67
com.bumptech.glide.signature,4
com.swordfish,103
com.uber,60
androidx.leanback,96
dagger.android,118
io.reactivex.rxkotlin,73
com.jakewharton.rxrelay2,20
androidx.tvprovider,4
dagger.multibindings,67
com.airbnb.epoxy,61
com.gojuno,56
com.jakewharton.rxbinding3,11
androidx.documentfile,24
android.system,4
dagger.MapKey,15
com.dinuscxj,1
com.frybits,1
com.tamsiree,65
com.readystatesoftware,2
net.lingala,8
com.orhanobut,3
org.greenrobot,147
com.chad,45
com.yalantis,16
com.afollestad,68
com.esri,27
io.swagger.codegen,23
io.swagger.parser,13
io.swagger.util,4
io.swagger.models,29
jp,7
com.alexvasilkov,8
me.saket,110
androidx.core.transition,3
coil.imageLoader,12
coil.request,34
com.chibatching,9
com.getkeepsafe,8
coil.drawable,1
coil.transition,2
coil.Coil,3
coil.ComponentRegistry,2
coil.disk,4
coil.memory,1
rxdogtag2,2
com.jakewharton.rxrelay3,5
com.jakewharton.shimo,1
com.serjltt,6
retrofit2.mock,3
com.mattprecious,2
com.facebook.flipper,18
com.facebook.soloader,2
shark,2
com.squareup.anvil,12
org.gradle.maven,2
dagger.Reusable,94
com.tickaroo,12
catchup,4
org.unbescape,1
com.google.devtools,47
deps,1
proguard,1
com.airbnb.mvrx,58
com.github.sundeepk,2
com.dropbox,53
com.facebook.testing,9
defer,21
tsstdlib,1
http,1
com.benasher44,26
enums,3
rxjava,1
sqlite,1
reserved,3
httpcache,4
sample,8
appsync,1
fullstack,1
outofbounds,1
codegen,67
root_fragment,1
trivial_fragment_spread,2
conditional_inline_fragment,1
variables,4
schema,7
idling,1
optimistic,4
nonnull,3
batching,2
declarativecache,8
circular_cache_read,1
fragment_normalizer,2
fake_subscription_engine,1
IdCacheKeyGenerator,1
multimodule,4
optional,6
none,3
default,3
custom,3
Utils,1
net.mbonnin,1
io.ktor.utils,9
JapiCmp,1
net.AddressInfo,1
net.Socket,1
net.createServer,1
io.reactivex.annotations,8
io.kotest.property,431
io.kotest.data,6
com.jakewharton.retrofit2,12
io.realm,5
org.apache.ibatis,2
io.michaelrocks,4
com.jakewharton.rx3,1
com.wdullaer,1
androidx.camera,8
org.bitcoinj,101
com.mukesh,1
org.spongycastle,27
io.intercom,6
com.github.mikephil,69
com.elyeproj,1
org.web3j,24
com.braintreepayments,10
com.checkout,11
zendesk,16
siftscience,1
com.android.installreferrer,2
org.koin.test,8
exchangerate,2
store,3
com.veriff,4
io.embrace,1
org.stellar,60
io.github.novacrypto,3
com.airbnb.android,3
android.support.transition,4
androidx.net,1
androidx.os,2
androidx.view,2
android.support.multidex,1
com.ihsanbal,2
org.gradle.launcher,2
oshi,1
org.gradle.invocation,2
org.gradle.caching,4
io.github.rybalkinsd,6
guru,9
com.rethinkdb,9
org.elasticsearch.client,78
org.elasticsearch.action,274
org.gradle.plugin,2
au,8
com.uwetrottmann,76
retrofit2.awaitResponse,16
net.openid,12
coil.intercept,2
javax.security,13
android.icu,3
com.pranavpandey,8
com.javiersc,1
com.etebarian,6
com.ogaclejapan,6
com.github.javiersantos,1
com.shreyaspatil,2
pl,13
io.javalin.Javalin,12
io.javalin.core,10
io.javalin.openapi,94
io.javalin.plugin,2
org.eclipse.jetty,240
panda,286
io.javalin.http,138
javax.naming,27
net.dzikoysk,34
io.javalin.websocket,12
software,34
com.fasterxml.classmate,8
com.github.victools,64
org.tinylog,2
com.unboundid,6
kong,59
com.charleskorn,4
com.github.gradle,2
org.kethereum.erc55,6
org.kethereum.model,92
org.kethereum.rpc,12
com.android.apksig,1
coil.api,1
org.gradle.model,6
org.gradle.samples,6
net.jodah,2
org.gradle.initialization,2
javassist,4
graphql.relay,14
com.blankj,26
cat,2
com.zhpan,6
com.just,1
com.kingja,26
com.yanzhenjie,15
com.ittianyu,1
net.lucode,21
com.kunminx,2
per,1
com.franmontiel,3
me.jessyan,1
me.hgj,1
io.gatling,10
com.github.jk1,9
jakarta,37
io.netty.bootstrap,10
io.netty.buffer,147
javax.sound,3
javafx.scene.media,4
org.jetbrains.concurrency,19
com.intellij.formatting,78
com.intellij.core,3
io.kotest.inspectors,28
Releasing_main,4
lib_publisher_tools,16
com.soywiz.korui,69
com.soywiz.korio,351
com.soywiz.korev,29
com.soywiz.korim,319
com.soywiz.klock,168
com.soywiz.korma,256
com.soywiz.kmem,122
com.soywiz.korau,9
com.soywiz.krypto,32
com.soywiz.kds,253
com.soywiz.korinject,19
com.soywiz.korgw,19
com.soywiz.korag,69
kotlin.printStackTrace,2
com.soywiz.korte,1
com.soywiz.klogger,14
com.soywiz.kgl,2
com.soywiz.korlibs,5
kotlin.require,5
org.w3c.workers,7
org.apache.catalina,3
org.apache.coyote,1
org.apache.tomcat,5
gg,9
com.codahale,13
org.webjars,2
org.apache.velocity,14
org.apache.directory,5
org.thymeleaf,7
nl,103
kotlin.Byte,2
com.kotcrab.vis.ui,147
me.alexpanov,1
com.badlogic.ashley,89
kotlin.Annotation,1
io.ipfs,8
org.ligi,111
net.steamcrafted,2
permissions,2
net.glxn,3
org.gradle.configurationcache,1
net.mamoe,16
kotlinx.io,128
me.him188,56
BinaryCompatibilityConfigurator,4
com.intellij.pom,8
io.github.karlatemp,3
org.eclipse.aether,58
splitties,20
com.ooooonly,4
org.acra,24
org.luaj,9
org.itxtech,2
org.jline,19
kotlin.RequiresOptIn,1
java.nio.Buffer,1
com.winterbe,51
com.gargoylesoftware,8
com.grosner,2
net.steppschuh,4
com.example,46
androidx.webkit,4
coil.dispose,13
org.toml,134
com.siyeh,45
org.jetbrains.idea,4
com.intellij.uiDesigner,5
com.intellij.featureStatistics,5
com.intellij.unscramble,3
com.intellij.debugger,17
net.fabricmc,5
com.intellij.structuralsearch,2
com.intellij.codeEditor,3
com.extracraftx,3
com.intellij.project,1
org.cadixdev,2
dalvik,3
com.android.dx,6
com.github.magiepooh,1
com.squareup.leakcanary,38
io.reactivex.observers,34
org.powermock,73
br,40
com.facebook.react,75
com.facebook.common,7
com.facebook.datasource,4
com.facebook.drawee,9
com.facebook.imagepipeline,18
me.ibrahimyilmaz,5
org.elasticsearch.common,605
com.cronutils,4
org.elasticsearch.search,50
org.elasticsearch.cluster,39
org.elasticsearch.threadpool,10
org.elasticsearch.transport,19
org.elasticsearch.rest,201
org.elasticsearch.index,40
com.amazon,54
org.elasticsearch.ElasticsearchException,3
org.elasticsearch.test,74
org.elasticsearch.ElasticsearchStatusException,16
inet,1
org.elasticsearch.ElasticsearchSecurityException,2
org.elasticsearch.indices,1
org.elasticsearch.script,16
org.elasticsearch.ResourceAlreadyExistsException,1
org.elasticsearch.tasks,18
org.elasticsearch.ExceptionsHelper,1
org.elasticsearch.env,2
org.elasticsearch.painless,3
org.elasticsearch.plugins,4
org.elasticsearch.repositories,1
org.elasticsearch.watcher,1
javax.management,5
org.osmdroid,27
com.rengwuxian,8
com.takisoft,2
org.conscrypt,10
org.eclipse.paho,6
androidx.core.location,2
com.squareup.tape2,2
io.objectbox,2
com.adevinta,81
androidx.test.services,1
mqtt,8
io.ktor.gson,2
com.github.shyiko,1
com.smp,4
com.codebutler,23
java.nio.ShortBuffer,2
io.reactivex.ObservableTransformer,3
redux,26
kotlinx.js,4
kotlinext,4
io.github.petertrr,20
org.reduxkotlin,14
io.jooby,22
io.micronaut,78
Deep_clean,1
org.docopt,1
com.kryptoprefs,10
com.apkupdater,18
eu,127
com.dragons,5
com.g00fy2,1
com.osacky,9
org.junit.internal,13
com.bumptech.glide.Registry,6
com.bumptech.glide.RequestBuilder,5
com.github.florent37,2
coil.EventListener,1
coil.fetch,5
com.android.zipflinger,4
com.bnorm,6
csstype,1
com.android.bundle,1
com.android.prefs,1
com.android.repository,1
com.android.utils,1
io.github.bonigarcia,3
javax.persistence,33
javax.cache,2
com.algolia,4
arrow,25
io.reactivex.ObservableEmitter,3
me.eugeniomarletti,2
com.novoda,1
com.crashlytics,9
com.bumptech.glide.Priority,2
io.fabric,2
jline,4
org.nield,1
curtains,14
com.oracle,6
org.graalvm,6
org.openjsse,3
org.apache.hc,11
aQute,7
com.diffplug,3
zlc,18
io.reactivex.Emitter,2
java.nio.MappedByteBuffer,1
io.reactivex.flowables,1
com.bumptech.glide.GlideBuilder,5
rx.Observer,1
com.fredporciuncula,10
logcat,56
uy,219
nucleus,9
com.bluelinelabs,54
reactivecircus,18
com.jakewharton.rxrelay,16
rx.Completable,2
com.hippo,14
com.davemorrissey,11
com.github.chrisbanes,2
rikka,2
coil.key,1
coil.network,1
tachiyomi,13
com.jakewharton.disklrucache,2
com.pushtorefresh,98
rx.Emitter,1
coil.target,1
com.nightlynexus,1
rx.Producer,1
androidx.localbroadcastmanager,5
data,2
io.requery,1
com.nixxcode,5
jnr,2
cc,12
com.tbuonomo,4
org.gradle.external,1
org.kethereum.erc681,24
org.kethereum.erc831,6
im,2
org.komputing,36
org.kethereum.crypto,13
org.kethereum.extensions,26
org.kethereum.keccakshortcut,4
org.kethereum.ens,4
org.kethereum.eip191,2
org.kethereum.keystore,12
org.kethereum.wallet,5
org.kethereum.eip712,1
pm,1
org.kethereum.metadata,15
org.kethereum.methodsignatures,7
org.walletconnect,22
com.tingyik90,2
com.squareup.wire,4
io.trezor,6
org.kethereum.erc1328,2
com.madrapps,1
org.kethereum.bip39,4
org.kethereum.eip137,2
com.scottyab,1
org.kethereum.DEFAULT_GAS_LIMIT,1
org.kethereum.eip155,4
org.kethereum.rlp,1
org.kethereum.abi,5
org.ethereum,5
org.kethereum.DEFAULT_GAS_PRICE,1
com.cognifide,174
org.buildobjects,8
org.osgi,1
com.carlos,54
com.umeng,3
com.natpryce,218
jodd,6
com.intellij.dvcs,3
com.intellij.vcs,14
com.hrakaroo,2
com.jetbrains.rd,1
zielu,13
com.flask,2
org.decsync,28
org.dmfs,7
com.nononsenseapps,4
ezvcard,1
net.minecraft.block,52
net.minecraft.client,82
net.minecraft.entity,66
net.minecraft.network,81
net.minecraft.util,152
net.minecraft.item,38
com.mojang,16
net.minecraft.command,2
net.minecraft.enchantment,7
net.minecraft.nbt,1
net.minecraft.world,9
net.earthcomputer,1
net.minecraft.text,24
me.liuli,1
net.minecraft.stat,1
com.thealtening,1
com.labymedia,43
java.nio.DoubleBuffer,1
net.minecraft.potion,2
net.minecraft.screen,7
net.minecraft.sound,1
net.minecraft.fluid,2
joptsimple,1
com.cesarferreira,2
com.tang,23
org.scalasbt,4
org.eclipse.egit,5
com.amazonaws,14
StyledElementsFactory,4
org.beryx,2
ktx.assets,6
ktx.scene2d,31
ktx.style,6
ktx.actors,13
ktx.i18n,2
ktx.ashley,50
ktx.graphics,1
ktx.log,21
ktx.math,9
ktx.collections,7
ktx.app,4
ktx.async,3
ktx.preferences,6
com.android.billingclient,13
com.watabou,429
kotlin.Nothing,1
org.jbox2d,10
icons,2
com.intellij.task,4
com.intellij.profile,4
net.miginfocom,1
com.intellij.ProjectTopics,1
kotlin.Pair,2
com.intellij.concurrency,4
com.intellij.build,37
com.pty4j,1
com.intellij.editor,1
com.intellij.grazie,9
com.intellij.coverage,19
com.intellij.rt,6
com.intellij.profiler,28
com.maddyhome,2
com.jetbrains.clones,11
com.intellij.completion,2
org.jetbrains.grammarkit,2
io.github.koss,23
com.sys1yagi,73
saschpe,3
butterknife,19
javafx.fxml,1
com.orgzly.org,71
com.orgzly.BuildConfig,51
com.orgzly.R,69
com.orgzly.databinding,33
com.thegrizzlylabs,3
com.burgstaller,7
org.eclipse.sw360,26
com.icegreen,3
com.sksamuel,5
io.kotest.extensions,4
com.networknt,4
io.kotest.engine,1
com.scanoss,2
com.paypal,1
org.jruby,4
com.atlassian,17
io.atlassian,1
org.apache.poi,25
org.cyclonedx,12
com.jcraft,9
org.tmatesoft,14
com.schibsted,1
com.fxn,4
com.russhwolf,7
org.koin.mp,3
com.badoo.reaktive.disposable,2
com.badoo.reaktive.utils,1
com.badoo.reaktive.rxjavainterop,3
com.squareup.inject,21
com.squareup.contour,24
com.mikepenz.itemanimators,1
flow,15
org.jetbrains.compose,64
es,1
com.github.curiousoddman,1
com.github.difflib,5
org.wordpress,3
com.automattic,22
com.wordpress,74
com.android.volley,20
com.facebook.shimmer,1
com.tenor,11
com.bumptech.glide.integration,10
com.zendesk,3
com.yarolegovich,3
com.vmadalin,25
javax.json,21
io.undertow,1
argo,9
kotlin.arrayOf,1
kotlin.NoSuchElementException,2
org.springframework.dao,2
microsoft,3
com.alibaba,1
com.mchange,1
com.intellij.plugins,3
com.intellij.BundleBase,1
com.gyf,1
com.kongpf,10
org.telegram,5
io.reactivex.ObservableOnSubscribe,2
com.opensource,2
androidx.appcompat.R,1
android.support.rastermill,3
com.tmall,1
PatchParser,1
javax.mail,1
org.yatopiamc,3
org.adw,1
org.awaitility,18
io.r2dbc,40
kotlin.apply,1
com.ongres,4
com.pacoworks,2
io.paperdb,1
com.sanogueralorenzo,3
com.alecstrong.sql.psi,563
schemacrawler,8
org.jgrapht,4
org.picocontainer,1
com.squareup.burst,7
com.squareup.Redacted,5
kotlin.ByteArray,3
kotlin.Long,14
com.jakewharton.picnic,4
tables,3
migrations,1
org.w3c.notifications,6
org.w3c.performance,7
org.dom4j,6
kotlin.Float,3
kotlin.Short,1
spark,4
org.zalando,8
net.jadler,8
javatools,1
com.alorma,1
io.nacular,231
Versions,15
org.hexworks,314
kotlinx.collections,36
Libraries,17
com.jhlabs,1
org.mariotaku.abstask,31
org.mariotaku.commons,11
org.mariotaku.kpreferences,108
org.mariotaku.mediaviewer,19
org.mariotaku.restfu,88
org.mariotaku.twidere,659
org.mariotaku.sqliteqb,92
org.mariotaku.library,37
org.mariotaku.microblog,266
net.ypresto,2
com.squareup.otto,30
io.nayuki,3
org.mariotaku.uniqr,3
org.xbill,1
com.bumptech.glide.disklrucache,2
com.squareup.pollexor,2
com.pnikosis,1
org.mariotaku.chameleon,68
org.mariotaku.pickncrop,6
org.oshkimaadziig,2
org.attoparser,20
org.mariotaku.messagebubbleview,1
com.commonsware,2
androidx.cursoradapter,9
com.theartofdev,3
com.mobeta,1
me.uucky,2
org.apache.james,14
moe,22
com.twidere,1
com.github.tmurakami,4
org.tensorflow,2
kotliquery,3
com.teknasyon,28
