user,repo
zuevmaxim,https://github.com/cscenter/Y02_Project_finger-paint
zuevmaxim,https://github.com/JetBrains/coverage-report
zuevmaxim,https://github.com/Kotlin/kotlinx-lincheck
zuevmaxim,https://github.com/mahkons/JavaPractice-2
zuevmaxim,https://github.com/NeKp0T/javaLazy
zuevmaxim,https://github.com/OSLL/adfmp20-office_gym
zuevmaxim,https://github.com/OSLL/os-hse-1h2019
zuevmaxim,https://github.com/tiginamaria/PharmacyDB
zuevmaxim,https://github.com/tiginamaria/Roguelike
zuevmaxim,https://github.com/trilis/blackjack
zuevmaxim,https://github.com/zuevmaxim/algo21
zuevmaxim,https://github.com/zuevmaxim/au1_cpp_huffman
zuevmaxim,https://github.com/zuevmaxim/au1_cpp_tic-tac-toe
zuevmaxim,https://github.com/zuevmaxim/CG_HSE_2020
zuevmaxim,https://github.com/zuevmaxim/CLI
zuevmaxim,https://github.com/zuevmaxim/CompareCoverage
zuevmaxim,https://github.com/zuevmaxim/cv
zuevmaxim,https://github.com/zuevmaxim/EasyEnglish
zuevmaxim,https://github.com/zuevmaxim/exptest
zuevmaxim,https://github.com/zuevmaxim/GoogleDriveViewer
zuevmaxim,https://github.com/zuevmaxim/hogwildpp
zuevmaxim,https://github.com/zuevmaxim/home-assignments-spring-2021
zuevmaxim,https://github.com/zuevmaxim/hse-parsing
zuevmaxim,https://github.com/zuevmaxim/hse_java2
zuevmaxim,https://github.com/zuevmaxim/HW-SD
zuevmaxim,https://github.com/zuevmaxim/itmo-ibd
zuevmaxim,https://github.com/zuevmaxim/itmo-parallel-2021
zuevmaxim,https://github.com/zuevmaxim/JavaPractice
zuevmaxim,https://github.com/zuevmaxim/kotlin-course-se19
zuevmaxim,https://github.com/zuevmaxim/kotlin-fuzzer
zuevmaxim,https://github.com/zuevmaxim/m-m2021
zuevmaxim,https://github.com/zuevmaxim/math
zuevmaxim,https://github.com/zuevmaxim/minDFA
zuevmaxim,https://github.com/zuevmaxim/NetworksLab2020HSE
zuevmaxim,https://github.com/zuevmaxim/ParallelSGD
zuevmaxim,https://github.com/zuevmaxim/ParallelSGD_CXX
zuevmaxim,https://github.com/zuevmaxim/PythonTypeAnnotationPlugin
zuevmaxim,https://github.com/zuevmaxim/RepositoryContributorsVisualization
zuevmaxim,https://github.com/zuevmaxim/scala-2019
zuevmaxim,https://github.com/zuevmaxim/SD-gRPCpractice
zuevmaxim,https://github.com/zuevmaxim/SDPracticeDocker
zuevmaxim,https://github.com/zuevmaxim/SelectSqlToMongo
zuevmaxim,https://github.com/zuevmaxim/simple-image-server
zuevmaxim,https://github.com/zuevmaxim/skip-lines
zuevmaxim,https://github.com/zuevmaxim/Stolovka
zuevmaxim,https://github.com/zuevmaxim/stress
zuevmaxim,https://github.com/zuevmaxim/TestCoverage
zuevmaxim,https://github.com/zuevmaxim/TypeSpecificCollections
zuevmaxim,https://github.com/zuevmaxim/UniqCounter
zuevmaxim,https://github.com/zuevmaxim/web-test
tiginamaria,https://github.com/googleinterns/heartrate-bt-wear
tiginamaria,https://github.com/hyperskill/hyperstyle-analyze
tiginamaria,https://github.com/Krock21rus/hwproj_tasks
tiginamaria,https://github.com/NeKp0T/javaFTP
tiginamaria,https://github.com/NeKp0T/javaLatch
tiginamaria,https://github.com/OSLL/adfmp20-office_gym
tiginamaria,https://github.com/OSLL/os-hse-1h2019
tiginamaria,https://github.com/tiginamaria/adaptiveFilter
tiginamaria,https://github.com/tiginamaria/Arch-SPbAU
tiginamaria,https://github.com/tiginamaria/audio_noise_clustering
tiginamaria,https://github.com/tiginamaria/C-
tiginamaria,https://github.com/tiginamaria/CG_HSE_2020
tiginamaria,https://github.com/tiginamaria/CiBlock
tiginamaria,https://github.com/tiginamaria/crypto
tiginamaria,https://github.com/tiginamaria/DeepXi
tiginamaria,https://github.com/tiginamaria/Denoiser
tiginamaria,https://github.com/tiginamaria/FormalLanguages
tiginamaria,https://github.com/tiginamaria/FunctionalProgramming
tiginamaria,https://github.com/tiginamaria/home-assignments-spring-2021
tiginamaria,https://github.com/tiginamaria/hse-parsing
tiginamaria,https://github.com/tiginamaria/Internships
tiginamaria,https://github.com/tiginamaria/ITMO_ALGO
tiginamaria,https://github.com/tiginamaria/ITMO_CT
tiginamaria,https://github.com/tiginamaria/ITMO_NLP
tiginamaria,https://github.com/tiginamaria/ITMO_PP
tiginamaria,https://github.com/tiginamaria/jack-audio
tiginamaria,https://github.com/tiginamaria/Java
tiginamaria,https://github.com/tiginamaria/kotlin-analyzer-plugin
tiginamaria,https://github.com/tiginamaria/kotlin-course-se19
tiginamaria,https://github.com/tiginamaria/KotlinJavaTest
tiginamaria,https://github.com/tiginamaria/Lib
tiginamaria,https://github.com/tiginamaria/linux-command
tiginamaria,https://github.com/tiginamaria/logmmse
tiginamaria,https://github.com/tiginamaria/logMMSE-1
tiginamaria,https://github.com/tiginamaria/lsas_mmse
tiginamaria,https://github.com/tiginamaria/Lupa
tiginamaria,https://github.com/tiginamaria/NetworksLab2020HSE
tiginamaria,https://github.com/tiginamaria/noise-reduction-using-rnn
tiginamaria,https://github.com/tiginamaria/noisereduce
tiginamaria,https://github.com/tiginamaria/noise_reduction
tiginamaria,https://github.com/tiginamaria/panic
tiginamaria,https://github.com/tiginamaria/Paradigms
tiginamaria,https://github.com/tiginamaria/PharmacyDB
tiginamaria,https://github.com/tiginamaria/pyroomacoustics
tiginamaria,https://github.com/tiginamaria/rnnoise
tiginamaria,https://github.com/tiginamaria/Roguelike
tiginamaria,https://github.com/tiginamaria/scala-2019
tiginamaria,https://github.com/tiginamaria/SoftwareDesign
tiginamaria,https://github.com/tiginamaria/sonos-challenge
tiginamaria,https://github.com/tiginamaria/speech-denoiser
tiginamaria,https://github.com/tiginamaria/UHSDR
tiginamaria,https://github.com/tiginamaria/WebTesting
tiginamaria,https://github.com/zuevmaxim/EasyEnglish
tiginamaria,https://github.com/zuevmaxim/exptest
tiginamaria,https://github.com/zuevmaxim/GoogleDriveViewer
tiginamaria,https://github.com/zuevmaxim/hse_java2
tiginamaria,https://github.com/zuevmaxim/JavaPractice
tiginamaria,https://github.com/zuevmaxim/m-m2021
tiginamaria,https://github.com/zuevmaxim/SD-gRPCpractice
tiginamaria,https://github.com/zuevmaxim/Stolovka
morkovka1337,https://github.com/morkovka1337/algorithms_itmo
morkovka1337,https://github.com/morkovka1337/C-exercises
morkovka1337,https://github.com/morkovka1337/chatbot-pytorch
morkovka1337,https://github.com/morkovka1337/cpp_excs
morkovka1337,https://github.com/morkovka1337/CSharp_excs
morkovka1337,https://github.com/morkovka1337/CubSpline
morkovka1337,https://github.com/morkovka1337/deep-text-recognition-benchmark
morkovka1337,https://github.com/morkovka1337/detector_with_velocity
morkovka1337,https://github.com/morkovka1337/dev-intensive-2019
morkovka1337,https://github.com/morkovka1337/gst-video-analytics
morkovka1337,https://github.com/morkovka1337/gtest-demo
morkovka1337,https://github.com/morkovka1337/lab2_Num_Met
morkovka1337,https://github.com/morkovka1337/Lab_Num_Met
morkovka1337,https://github.com/morkovka1337/Lab_Num_Met_2
morkovka1337,https://github.com/morkovka1337/Lab_Num_Met_v.6
morkovka1337,https://github.com/morkovka1337/mmdetection
morkovka1337,https://github.com/morkovka1337/mp2-lab1-set
morkovka1337,https://github.com/morkovka1337/mp2-lab2-matrix
morkovka1337,https://github.com/morkovka1337/mp2-lab3-arithmetic
morkovka1337,https://github.com/morkovka1337/mp2-lab4-polinoms
morkovka1337,https://github.com/morkovka1337/mp2-list
morkovka1337,https://github.com/morkovka1337/mp2-practice
morkovka1337,https://github.com/morkovka1337/multidimensional_data_processing
morkovka1337,https://github.com/morkovka1337/NMs2_Iter_method
morkovka1337,https://github.com/morkovka1337/numeric_methods_lab_4
morkovka1337,https://github.com/morkovka1337/num_meth_system
morkovka1337,https://github.com/morkovka1337/openmp
morkovka1337,https://github.com/morkovka1337/openvino_practice
morkovka1337,https://github.com/morkovka1337/openvino_training_extensions
morkovka1337,https://github.com/morkovka1337/open_model_zoo
morkovka1337,https://github.com/morkovka1337/ProbLab
morkovka1337,https://github.com/morkovka1337/Python-Exercises
morkovka1337,https://github.com/morkovka1337/radix-sort-on-javaScript
morkovka1337,https://github.com/morkovka1337/tomography_visualazation
Mr-Cool-in-Git,https://github.com/coerry/HelloIoTWorld
Mr-Cool-in-Git,https://github.com/fpiikt/os-1-msinstall-Nikitenok
Mr-Cool-in-Git,https://github.com/Mr-Cool-in-Git/auto-sklearn
Mr-Cool-in-Git,https://github.com/Mr-Cool-in-Git/Auto-sklearn_1.2
Mr-Cool-in-Git,https://github.com/Mr-Cool-in-Git/Barny_Love_the_game
Mr-Cool-in-Git,https://github.com/Mr-Cool-in-Git/data-structures-course
Mr-Cool-in-Git,https://github.com/Mr-Cool-in-Git/FEDOT
Mr-Cool-in-Git,https://github.com/Mr-Cool-in-Git/FEDOT-M
Mr-Cool-in-Git,https://github.com/Mr-Cool-in-Git/first_console_game
Mr-Cool-in-Git,https://github.com/Mr-Cool-in-Git/IFMO_JAVA_Basics_20182009
Mr-Cool-in-Git,https://github.com/Mr-Cool-in-Git/Make_Ripples_the_game
Mr-Cool-in-Git,https://github.com/Mr-Cool-in-Git/MOS.RU-recommender-system
Mr-Cool-in-Git,https://github.com/Mr-Cool-in-Git/networks-science-course
Mr-Cool-in-Git,https://github.com/Mr-Cool-in-Git/Pacman_AI_Course_project
trixdade,https://github.com/AlexeyLiniov/ITLab-2018-QuantumAlgorithms
trixdade,https://github.com/trixdade/Algorithms-and-data-structures
trixdade,https://github.com/trixdade/Clothes-Recommendation
trixdade,https://github.com/trixdade/Computer-Graphics-1
trixdade,https://github.com/trixdade/ITMO-Advanced-NLP
trixdade,https://github.com/trixdade/ITMO-algorithms
trixdade,https://github.com/trixdade/ITMO-Machine-Learning-Technologies
trixdade,https://github.com/trixdade/ITMO-Methods-and-models-for-data-analysis
trixdade,https://github.com/trixdade/ITMO-Parallel-algorithms
trixdade,https://github.com/trixdade/KMVP
trixdade,https://github.com/trixdade/mp2-lab1-set
trixdade,https://github.com/trixdade/mp2-lab2-matrix
trixdade,https://github.com/trixdade/mp2-lab3-arithmetic
trixdade,https://github.com/trixdade/mp2-lab4-polinoms
trixdade,https://github.com/trixdade/Probability-Theory
trixdade,https://github.com/trixdade/RayTracing
trixdade,https://github.com/trixdade/UNN_practice
zer0deck,https://github.com/vandosik/M-M-MSA
zer0deck,https://github.com/zer0deck/BaldErDash
zer0deck,https://github.com/zer0deck/MLBM_Tclassifiers
zer0deck,https://github.com/zer0deck/MLT
zer0deck,https://github.com/zer0deck/nlp
zer0deck,https://github.com/zer0deck/parallel_algorithms
zer0deck,https://github.com/zer0deck/py_algorithms
jrzkaminski,https://github.com/ITMO-NSS-team/BAMT
jrzkaminski,https://github.com/jrzkaminski/algorithm-analysis-homeworks
jrzkaminski,https://github.com/jrzkaminski/anlp-homeworks
jrzkaminski,https://github.com/jrzkaminski/BAMT
jrzkaminski,https://github.com/jrzkaminski/mandmmsa
jrzkaminski,https://github.com/jrzkaminski/openmp-mpi-Homeworks
jrzkaminski,https://github.com/jrzkaminski/sparsebndata
vvbark,https://github.com/vvbark/algorithms-2021-labs
vvbark,https://github.com/vvbark/hh-api-analysis
vvbark,https://github.com/vvbark/machine-learning-technologies
vvbark,https://github.com/vvbark/parallel-algorithms
vvbark,https://github.com/vvbark/vvbark
